<?xml version="1.0" encoding="UTF-8"?>
<config xmlns="http://www.knime.org/2008/09/XMLConfig" xmlns:xsi="http://www.w3.org/2001/XMLSchema-instance" xsi:schemaLocation="http://www.knime.org/2008/09/XMLConfig http://www.knime.org/XMLConfig_2008_09.xsd" key="model.xml">
<entry key="version" type="xint" value="1"/>
<entry key="class_name" type="xstring" value="org.knime.ext.textprocessing.data.DocumentVectorPortObjectSpec"/>
<config key="model">
<entry key="ignoreTags" type="xboolean" value="true"/>
<entry key="bitVector" type="xboolean" value="false"/>
<entry key="vectorValue" type="xstring" value="TF rel"/>
<entry key="asCollectionCell" type="xboolean" value="false"/>
<config key="featureSpaceColumns">
<entry key="array-size" type="xint" value="655"/>
<entry key="0" type="xstring" value="advanced"/>
<entry key="1" type="xstring" value="practice"/>
<entry key="2" type="xstring" value="depth"/>
<entry key="3" type="xstring" value="critical"/>
<entry key="4" type="xstring" value="ideas"/>
<entry key="5" type="xstring" value="students"/>
<entry key="6" type="xstring" value="identify"/>
<entry key="7" type="xstring" value="own"/>
<entry key="8" type="xstring" value="themes"/>
<entry key="9" type="xstring" value="base"/>
<entry key="10" type="xstring" value="project"/>
<entry key="11" type="xstring" value="relate"/>
<entry key="12" type="xstring" value="existing"/>
<entry key="13" type="xstring" value="historical"/>
<entry key="14" type="xstring" value="current"/>
<entry key="15" type="xstring" value="examples"/>
<entry key="16" type="xstring" value="projects"/>
<entry key="17" type="xstring" value="writing"/>
<entry key="18" type="xstring" value="produce"/>
<entry key="19" type="xstring" value="final"/>
<entry key="20" type="xstring" value="extended"/>
<entry key="21" type="xstring" value="include"/>
<entry key="22" type="xstring" value="alongside"/>
<entry key="23" type="xstring" value="practitioners"/>
<entry key="24" type="xstring" value="relevant"/>
<entry key="25" type="xstring" value="module"/>
<entry key="26" type="xstring" value="encourages"/>
<entry key="27" type="xstring" value="international"/>
<entry key="28" type="xstring" value="digital"/>
<entry key="29" type="xstring" value="based"/>
<entry key="30" type="xstring" value="media"/>
<entry key="31" type="xstring" value="creative"/>
<entry key="32" type="xstring" value="opportunity"/>
<entry key="33" type="xstring" value="live"/>
<entry key="34" type="xstring" value="set"/>
<entry key="35" type="xstring" value="industry"/>
<entry key="36" type="xstring" value="professionals"/>
<entry key="37" type="xstring" value="aims"/>
<entry key="38" type="xstring" value="introduce"/>
<entry key="39" type="xstring" value="team"/>
<entry key="40" type="xstring" value="service"/>
<entry key="41" type="xstring" value="perspective"/>
<entry key="42" type="xstring" value="form"/>
<entry key="43" type="xstring" value="art"/>
<entry key="44" type="xstring" value="towards"/>
<entry key="45" type="xstring" value="marketing"/>
<entry key="46" type="xstring" value="exploring"/>
<entry key="47" type="xstring" value="considering"/>
<entry key="48" type="xstring" value="communication"/>
<entry key="49" type="xstring" value="tools"/>
<entry key="50" type="xstring" value="strategic"/>
<entry key="51" type="xstring" value="throughout"/>
<entry key="52" type="xstring" value="specifically"/>
<entry key="53" type="xstring" value="managed"/>
<entry key="54" type="xstring" value="strategy"/>
<entry key="55" type="xstring" value="apply"/>
<entry key="56" type="xstring" value="theory"/>
<entry key="57" type="xstring" value="create"/>
<entry key="58" type="xstring" value="real"/>
<entry key="59" type="xstring" value="life"/>
<entry key="60" type="xstring" value="aim"/>
<entry key="61" type="xstring" value="allow"/>
<entry key="62" type="xstring" value="develop"/>
<entry key="63" type="xstring" value="presentation"/>
<entry key="64" type="xstring" value="skills"/>
<entry key="65" type="xstring" value="level"/>
<entry key="66" type="xstring" value="deliver"/>
<entry key="67" type="xstring" value="programme"/>
<entry key="68" type="xstring" value="output"/>
<entry key="69" type="xstring" value="techniques"/>
<entry key="70" type="xstring" value="understanding"/>
<entry key="71" type="xstring" value="production"/>
<entry key="72" type="xstring" value="processes"/>
<entry key="73" type="xstring" value="required"/>
<entry key="74" type="xstring" value="build"/>
<entry key="75" type="xstring" value="design"/>
<entry key="76" type="xstring" value="implementation"/>
<entry key="77" type="xstring" value="principles"/>
<entry key="78" type="xstring" value="applications"/>
<entry key="79" type="xstring" value="services"/>
<entry key="80" type="xstring" value="data"/>
<entry key="81" type="xstring" value="security"/>
<entry key="82" type="xstring" value="framework"/>
<entry key="83" type="xstring" value="identifying"/>
<entry key="84" type="xstring" value="relation"/>
<entry key="85" type="xstring" value="evaluated"/>
<entry key="86" type="xstring" value="critically"/>
<entry key="87" type="xstring" value="analysed"/>
<entry key="88" type="xstring" value="managing"/>
<entry key="89" type="xstring" value="requirements"/>
<entry key="90" type="xstring" value="secure"/>
<entry key="91" type="xstring" value="risk"/>
<entry key="92" type="xstring" value="analysis"/>
<entry key="93" type="xstring" value="operational"/>
<entry key="94" type="xstring" value="standards"/>
<entry key="95" type="xstring" value="knowledge"/>
<entry key="96" type="xstring" value="concepts"/>
<entry key="97" type="xstring" value="specific"/>
<entry key="98" type="xstring" value="focus"/>
<entry key="99" type="xstring" value="multidisciplinary"/>
<entry key="100" type="xstring" value="factors"/>
<entry key="101" type="xstring" value="impact"/>
<entry key="102" type="xstring" value="activity"/>
<entry key="103" type="xstring" value="levels"/>
<entry key="104" type="xstring" value="enable"/>
<entry key="105" type="xstring" value="role"/>
<entry key="106" type="xstring" value="relationships"/>
<entry key="107" type="xstring" value="wider"/>
<entry key="108" type="xstring" value="community"/>
<entry key="109" type="xstring" value="government"/>
<entry key="110" type="xstring" value="study"/>
<entry key="111" type="xstring" value="language"/>
<entry key="112" type="xstring" value="equip"/>
<entry key="113" type="xstring" value="management"/>
<entry key="114" type="xstring" value="technical"/>
<entry key="115" type="xstring" value="operate"/>
<entry key="116" type="xstring" value="environment"/>
<entry key="117" type="xstring" value="awareness"/>
<entry key="118" type="xstring" value="gain"/>
<entry key="119" type="xstring" value="professional"/>
<entry key="120" type="xstring" value="relationship"/>
<entry key="121" type="xstring" value="sound"/>
<entry key="122" type="xstring" value="essential"/>
<entry key="123" type="xstring" value="portfolio"/>
<entry key="124" type="xstring" value="career"/>
<entry key="125" type="xstring" value="fundamental"/>
<entry key="126" type="xstring" value="producing"/>
<entry key="127" type="xstring" value="quality"/>
<entry key="128" type="xstring" value="music"/>
<entry key="129" type="xstring" value="audio"/>
<entry key="130" type="xstring" value="film"/>
<entry key="131" type="xstring" value="games"/>
<entry key="132" type="xstring" value="industries"/>
<entry key="133" type="xstring" value="offer"/>
<entry key="134" type="xstring" value="range"/>
<entry key="135" type="xstring" value="commercial"/>
<entry key="136" type="xstring" value="opportunities"/>
<entry key="137" type="xstring" value="practices"/>
<entry key="138" type="xstring" value="including"/>
<entry key="139" type="xstring" value="game"/>
<entry key="140" type="xstring" value="partnership"/>
<entry key="141" type="xstring" value="sports"/>
<entry key="142" type="xstring" value="plan"/>
<entry key="143" type="xstring" value="comprehensive"/>
<entry key="144" type="xstring" value="programmes"/>
<entry key="145" type="xstring" value="address"/>
<entry key="146" type="xstring" value="facilitate"/>
<entry key="147" type="xstring" value="process"/>
<entry key="148" type="xstring" value="prepare"/>
<entry key="149" type="xstring" value="meet"/>
<entry key="150" type="xstring" value="physical"/>
<entry key="151" type="xstring" value="sport"/>
<entry key="152" type="xstring" value="exercise"/>
<entry key="153" type="xstring" value="explore"/>
<entry key="154" type="xstring" value="aspect"/>
<entry key="155" type="xstring" value="particular"/>
<entry key="156" type="xstring" value="attention"/>
<entry key="157" type="xstring" value="mental"/>
<entry key="158" type="xstring" value="health"/>
<entry key="159" type="xstring" value="learning"/>
<entry key="160" type="xstring" value="children"/>
<entry key="161" type="xstring" value="people"/>
<entry key="162" type="xstring" value="importance"/>
<entry key="163" type="xstring" value="wellbeing"/>
<entry key="164" type="xstring" value="individuals"/>
<entry key="165" type="xstring" value="key"/>
<entry key="166" type="xstring" value="critique"/>
<entry key="167" type="xstring" value="written"/>
<entry key="168" type="xstring" value="journalism"/>
<entry key="169" type="xstring" value="contemporary"/>
<entry key="170" type="xstring" value="encouraged"/>
<entry key="171" type="xstring" value="engage"/>
<entry key="172" type="xstring" value="styles"/>
<entry key="173" type="xstring" value="learn"/>
<entry key="174" type="xstring" value="material"/>
<entry key="175" type="xstring" value="appropriately"/>
<entry key="176" type="xstring" value="markets"/>
<entry key="177" type="xstring" value="conditions"/>
<entry key="178" type="xstring" value="cover"/>
<entry key="179" type="xstring" value="assessment"/>
<entry key="180" type="xstring" value="treatment"/>
<entry key="181" type="xstring" value="common"/>
<entry key="182" type="xstring" value="manage"/>
<entry key="183" type="xstring" value="improve"/>
<entry key="184" type="xstring" value="function"/>
<entry key="185" type="xstring" value="reflective"/>
<entry key="186" type="xstring" value="introduced"/>
<entry key="187" type="xstring" value="strengths"/>
<entry key="188" type="xstring" value="providing"/>
<entry key="189" type="xstring" value="reflection"/>
<entry key="190" type="xstring" value="development"/>
<entry key="191" type="xstring" value="graduate"/>
<entry key="192" type="xstring" value="designed"/>
<entry key="193" type="xstring" value="experiences"/>
<entry key="194" type="xstring" value="evaluation"/>
<entry key="195" type="xstring" value="effective"/>
<entry key="196" type="xstring" value="progression"/>
<entry key="197" type="xstring" value="events"/>
<entry key="198" type="xstring" value="consideration"/>
<entry key="199" type="xstring" value="training"/>
<entry key="200" type="xstring" value="staff"/>
<entry key="201" type="xstring" value="supported"/>
<entry key="202" type="xstring" value="emphasis"/>
<entry key="203" type="xstring" value="promote"/>
<entry key="204" type="xstring" value="potential"/>
<entry key="205" type="xstring" value="provide"/>
<entry key="206" type="xstring" value="ability"/>
<entry key="207" type="xstring" value="analyse"/>
<entry key="208" type="xstring" value="ethical"/>
<entry key="209" type="xstring" value="perspectives"/>
<entry key="210" type="xstring" value="issues"/>
<entry key="211" type="xstring" value="examine"/>
<entry key="212" type="xstring" value="organisation"/>
<entry key="213" type="xstring" value="british"/>
<entry key="214" type="xstring" value="history"/>
<entry key="215" type="xstring" value="particularly"/>
<entry key="216" type="xstring" value="century"/>
<entry key="217" type="xstring" value="day"/>
<entry key="218" type="xstring" value="power"/>
<entry key="219" type="xstring" value="debates"/>
<entry key="220" type="xstring" value="engaging"/>
<entry key="221" type="xstring" value="practical"/>
<entry key="222" type="xstring" value="exploration"/>
<entry key="223" type="xstring" value="online"/>
<entry key="224" type="xstring" value="appropriate"/>
<entry key="225" type="xstring" value="introduction"/>
<entry key="226" type="xstring" value="structure"/>
<entry key="227" type="xstring" value="organised"/>
<entry key="228" type="xstring" value="provision"/>
<entry key="229" type="xstring" value="context"/>
<entry key="230" type="xstring" value="content"/>
<entry key="231" type="xstring" value="forms"/>
<entry key="232" type="xstring" value="foundation"/>
<entry key="233" type="xstring" value="modules"/>
<entry key="234" type="xstring" value="course"/>
<entry key="235" type="xstring" value="following"/>
<entry key="236" type="xstring" value="movement"/>
<entry key="237" type="xstring" value="exercises"/>
<entry key="238" type="xstring" value="related"/>
<entry key="239" type="xstring" value="issue"/>
<entry key="240" type="xstring" value="business"/>
<entry key="241" type="xstring" value="scope"/>
<entry key="242" type="xstring" value="student"/>
<entry key="243" type="xstring" value="demonstrate"/>
<entry key="244" type="xstring" value="independently"/>
<entry key="245" type="xstring" value="research"/>
<entry key="246" type="xstring" value="evaluate"/>
<entry key="247" type="xstring" value="literature"/>
<entry key="248" type="xstring" value="available"/>
<entry key="249" type="xstring" value="via"/>
<entry key="250" type="xstring" value="tutor"/>
<entry key="251" type="xstring" value="help"/>
<entry key="252" type="xstring" value="understand"/>
<entry key="253" type="xstring" value="decision"/>
<entry key="254" type="xstring" value="means"/>
<entry key="255" type="xstring" value="ensure"/>
<entry key="256" type="xstring" value="able"/>
<entry key="257" type="xstring" value="care"/>
<entry key="258" type="xstring" value="receive"/>
<entry key="259" type="xstring" value="biology"/>
<entry key="260" type="xstring" value="dissertation"/>
<entry key="261" type="xstring" value="conduct"/>
<entry key="262" type="xstring" value="original"/>
<entry key="263" type="xstring" value="biological"/>
<entry key="264" type="xstring" value="topic"/>
<entry key="265" type="xstring" value="choice"/>
<entry key="266" type="xstring" value="collection"/>
<entry key="267" type="xstring" value="investigate"/>
<entry key="268" type="xstring" value="thinking"/>
<entry key="269" type="xstring" value="solving"/>
<entry key="270" type="xstring" value="time"/>
<entry key="271" type="xstring" value="basis"/>
<entry key="272" type="xstring" value="studies"/>
<entry key="273" type="xstring" value="taught"/>
<entry key="274" type="xstring" value="investigation"/>
<entry key="275" type="xstring" value="considered"/>
<entry key="276" type="xstring" value="applied"/>
<entry key="277" type="xstring" value="insight"/>
<entry key="278" type="xstring" value="developing"/>
<entry key="279" type="xstring" value="solutions"/>
<entry key="280" type="xstring" value="scientific"/>
<entry key="281" type="xstring" value="world"/>
<entry key="282" type="xstring" value="setting"/>
<entry key="283" type="xstring" value="provides"/>
<entry key="284" type="xstring" value="experience"/>
<entry key="285" type="xstring" value="piece"/>
<entry key="286" type="xstring" value="placement"/>
<entry key="287" type="xstring" value="application"/>
<entry key="288" type="xstring" value="successful"/>
<entry key="289" type="xstring" value="placements"/>
<entry key="290" type="xstring" value="nature"/>
<entry key="291" type="xstring" value="detail"/>
<entry key="292" type="xstring" value="established"/>
<entry key="293" type="xstring" value="prior"/>
<entry key="294" type="xstring" value="activities"/>
<entry key="295" type="xstring" value="species"/>
<entry key="296" type="xstring" value="patterns"/>
<entry key="297" type="xstring" value="complex"/>
<entry key="298" type="xstring" value="concerned"/>
<entry key="299" type="xstring" value="geography"/>
<entry key="300" type="xstring" value="explain"/>
<entry key="301" type="xstring" value="consider"/>
<entry key="302" type="xstring" value="evolution"/>
<entry key="303" type="xstring" value="populations"/>
<entry key="304" type="xstring" value="influence"/>
<entry key="305" type="xstring" value="useful"/>
<entry key="306" type="xstring" value="preparation"/>
<entry key="307" type="xstring" value="wishing"/>
<entry key="308" type="xstring" value="building"/>
<entry key="309" type="xstring" value="detailed"/>
<entry key="310" type="xstring" value="leadership"/>
<entry key="311" type="xstring" value="inform"/>
<entry key="312" type="xstring" value="coaching"/>
<entry key="313" type="xstring" value="behaviour"/>
<entry key="314" type="xstring" value="gained"/>
<entry key="315" type="xstring" value="contexts"/>
<entry key="316" type="xstring" value="settings"/>
<entry key="317" type="xstring" value="interactions"/>
<entry key="318" type="xstring" value="delivery"/>
<entry key="319" type="xstring" value="organisations"/>
<entry key="320" type="xstring" value="outcomes"/>
<entry key="321" type="xstring" value="performance"/>
<entry key="322" type="xstring" value="anatomy"/>
<entry key="323" type="xstring" value="physiology"/>
<entry key="324" type="xstring" value="major"/>
<entry key="325" type="xstring" value="systems"/>
<entry key="326" type="xstring" value="body"/>
<entry key="327" type="xstring" value="responses"/>
<entry key="328" type="xstring" value="series"/>
<entry key="329" type="xstring" value="laboratory"/>
<entry key="330" type="xstring" value="field"/>
<entry key="331" type="xstring" value="workshops"/>
<entry key="332" type="xstring" value="planning"/>
<entry key="333" type="xstring" value="organisational"/>
<entry key="334" type="xstring" value="combination"/>
<entry key="335" type="xstring" value="sector"/>
<entry key="336" type="xstring" value="strong"/>
<entry key="337" type="xstring" value="changes"/>
<entry key="338" type="xstring" value="clinical"/>
<entry key="339" type="xstring" value="serious"/>
<entry key="340" type="xstring" value="in-depth"/>
<entry key="341" type="xstring" value="support"/>
<entry key="342" type="xstring" value="plays"/>
<entry key="343" type="xstring" value="english"/>
<entry key="344" type="xstring" value="begin"/>
<entry key="345" type="xstring" value="communicate"/>
<entry key="346" type="xstring" value="subject"/>
<entry key="347" type="xstring" value="materials"/>
<entry key="348" type="xstring" value="teaching"/>
<entry key="349" type="xstring" value="systematic"/>
<entry key="350" type="xstring" value="respond"/>
<entry key="351" type="xstring" value="climate"/>
<entry key="352" type="xstring" value="change"/>
<entry key="353" type="xstring" value="public"/>
<entry key="354" type="xstring" value="science"/>
<entry key="355" type="xstring" value="past"/>
<entry key="356" type="xstring" value="concerns"/>
<entry key="357" type="xstring" value="global"/>
<entry key="358" type="xstring" value="examining"/>
<entry key="359" type="xstring" value="legal"/>
<entry key="360" type="xstring" value="education"/>
<entry key="361" type="xstring" value="law"/>
<entry key="362" type="xstring" value="video"/>
<entry key="363" type="xstring" value="allows"/>
<entry key="364" type="xstring" value="experimental"/>
<entry key="365" type="xstring" value="produced"/>
<entry key="366" type="xstring" value="aspects"/>
<entry key="367" type="xstring" value="expected"/>
<entry key="368" type="xstring" value="whilst"/>
<entry key="369" type="xstring" value="characteristics"/>
<entry key="370" type="xstring" value="computer"/>
<entry key="371" type="xstring" value="undertake"/>
<entry key="372" type="xstring" value="covers"/>
<entry key="373" type="xstring" value="modern"/>
<entry key="374" type="xstring" value="chosen"/>
<entry key="375" type="xstring" value="future"/>
<entry key="376" type="xstring" value="implications"/>
<entry key="377" type="xstring" value="economic"/>
<entry key="378" type="xstring" value="market"/>
<entry key="379" type="xstring" value="policies"/>
<entry key="380" type="xstring" value="corporate"/>
<entry key="381" type="xstring" value="companies"/>
<entry key="382" type="xstring" value="society"/>
<entry key="383" type="xstring" value="national"/>
<entry key="384" type="xstring" value="responsibilities"/>
<entry key="385" type="xstring" value="examines"/>
<entry key="386" type="xstring" value="various"/>
<entry key="387" type="xstring" value="approaches"/>
<entry key="388" type="xstring" value="creation"/>
<entry key="389" type="xstring" value="theoretical"/>
<entry key="390" type="xstring" value="examination"/>
<entry key="391" type="xstring" value="focuses"/>
<entry key="392" type="xstring" value="blocks"/>
<entry key="393" type="xstring" value="police"/>
<entry key="394" type="xstring" value="crime"/>
<entry key="395" type="xstring" value="broad"/>
<entry key="396" type="xstring" value="system"/>
<entry key="397" type="xstring" value="criminal"/>
<entry key="398" type="xstring" value="justice"/>
<entry key="399" type="xstring" value="block"/>
<entry key="400" type="xstring" value="response"/>
<entry key="401" type="xstring" value="associated"/>
<entry key="402" type="xstring" value="evidence"/>
<entry key="403" type="xstring" value="includes"/>
<entry key="404" type="xstring" value="local"/>
<entry key="405" type="xstring" value="models"/>
<entry key="406" type="xstring" value="diversity"/>
<entry key="407" type="xstring" value="allowing"/>
<entry key="408" type="xstring" value="stage"/>
<entry key="409" type="xstring" value="achieved"/>
<entry key="410" type="xstring" value="forensic"/>
<entry key="411" type="xstring" value="undertaking"/>
<entry key="412" type="xstring" value="purposes"/>
<entry key="413" type="xstring" value="innovative"/>
<entry key="414" type="xstring" value="success"/>
<entry key="415" type="xstring" value="approach"/>
<entry key="416" type="xstring" value="product"/>
<entry key="417" type="xstring" value="changing"/>
<entry key="418" type="xstring" value="technologies"/>
<entry key="419" type="xstring" value="technology"/>
<entry key="420" type="xstring" value="sustainability"/>
<entry key="421" type="xstring" value="ecological"/>
<entry key="422" type="xstring" value="living"/>
<entry key="423" type="xstring" value="deeper"/>
<entry key="424" type="xstring" value="human"/>
<entry key="425" type="xstring" value="discipline"/>
<entry key="426" type="xstring" value="individual"/>
<entry key="427" type="xstring" value="external"/>
<entry key="428" type="xstring" value="overview"/>
<entry key="429" type="xstring" value="personal"/>
<entry key="430" type="xstring" value="environmental"/>
<entry key="431" type="xstring" value="ecology"/>
<entry key="432" type="xstring" value="words"/>
<entry key="433" type="xstring" value="approved"/>
<entry key="434" type="xstring" value="independent"/>
<entry key="435" type="xstring" value="social"/>
<entry key="436" type="xstring" value="philosophical"/>
<entry key="437" type="xstring" value="element"/>
<entry key="438" type="xstring" value="pursue"/>
<entry key="439" type="xstring" value="empirical"/>
<entry key="440" type="xstring" value="natural"/>
<entry key="441" type="xstring" value="enquiry"/>
<entry key="442" type="xstring" value="core"/>
<entry key="443" type="xstring" value="central"/>
<entry key="444" type="xstring" value="drawing"/>
<entry key="445" type="xstring" value="covered"/>
<entry key="446" type="xstring" value="previous"/>
<entry key="447" type="xstring" value="methods"/>
<entry key="448" type="xstring" value="construction"/>
<entry key="449" type="xstring" value="formal"/>
<entry key="450" type="xstring" value="engagement"/>
<entry key="451" type="xstring" value="visual"/>
<entry key="452" type="xstring" value="acquisition"/>
<entry key="453" type="xstring" value="conceptual"/>
<entry key="454" type="xstring" value="enquiry-based"/>
<entry key="455" type="xstring" value="report"/>
<entry key="456" type="xstring" value="sciences"/>
<entry key="457" type="xstring" value="andor"/>
<entry key="458" type="xstring" value="sociological"/>
<entry key="459" type="xstring" value="questions"/>
<entry key="460" type="xstring" value="academic"/>
<entry key="461" type="xstring" value="introduces"/>
<entry key="462" type="xstring" value="quantitative"/>
<entry key="463" type="xstring" value="review"/>
<entry key="464" type="xstring" value="methodologies"/>
<entry key="465" type="xstring" value="sources"/>
<entry key="466" type="xstring" value="policing"/>
<entry key="467" type="xstring" value="concept"/>
<entry key="468" type="xstring" value="seminars"/>
<entry key="469" type="xstring" value="relevance"/>
<entry key="470" type="xstring" value="basic"/>
<entry key="471" type="xstring" value="proposal"/>
<entry key="472" type="xstring" value="extent"/>
<entry key="473" type="xstring" value="literary"/>
<entry key="474" type="xstring" value="discuss"/>
<entry key="475" type="xstring" value="relating"/>
<entry key="476" type="xstring" value="rights"/>
<entry key="477" type="xstring" value="extend"/>
<entry key="478" type="xstring" value="developed"/>
<entry key="479" type="xstring" value="identity"/>
<entry key="480" type="xstring" value="offers"/>
<entry key="481" type="xstring" value="class"/>
<entry key="482" type="xstring" value="image"/>
<entry key="483" type="xstring" value="roles"/>
<entry key="484" type="xstring" value="sociology"/>
<entry key="485" type="xstring" value="topics"/>
<entry key="486" type="xstring" value="gender"/>
<entry key="487" type="xstring" value="explored"/>
<entry key="488" type="xstring" value="short"/>
<entry key="489" type="xstring" value="develops"/>
<entry key="490" type="xstring" value="studying"/>
<entry key="491" type="xstring" value="skill"/>
<entry key="492" type="xstring" value="underpinning"/>
<entry key="493" type="xstring" value="placed"/>
<entry key="494" type="xstring" value="builds"/>
<entry key="495" type="xstring" value="theme"/>
<entry key="496" type="xstring" value="focusing"/>
<entry key="497" type="xstring" value="political"/>
<entry key="498" type="xstring" value="competing"/>
<entry key="499" type="xstring" value="policy"/>
<entry key="500" type="xstring" value="politics"/>
<entry key="501" type="xstring" value="cultural"/>
<entry key="502" type="xstring" value="age"/>
<entry key="503" type="xstring" value="psychology"/>
<entry key="504" type="xstring" value="alternative"/>
<entry key="505" type="xstring" value="encourage"/>
<entry key="506" type="xstring" value="theories"/>
<entry key="507" type="xstring" value="studied"/>
<entry key="508" type="xstring" value="applying"/>
<entry key="509" type="xstring" value="enhance"/>
<entry key="510" type="xstring" value="migration"/>
<entry key="511" type="xstring" value="taking"/>
<entry key="512" type="xstring" value="challenges"/>
<entry key="513" type="xstring" value="challenge"/>
<entry key="514" type="xstring" value="interaction"/>
<entry key="515" type="xstring" value="population"/>
<entry key="516" type="xstring" value="explores"/>
<entry key="517" type="xstring" value="involved"/>
<entry key="518" type="xstring" value="operation"/>
<entry key="519" type="xstring" value="reflect"/>
<entry key="520" type="xstring" value="pathway"/>
<entry key="521" type="xstring" value="strategies"/>
<entry key="522" type="xstring" value="using"/>
<entry key="523" type="xstring" value="provided"/>
<entry key="524" type="xstring" value="diverse"/>
<entry key="525" type="xstring" value="curriculum"/>
<entry key="526" type="xstring" value="effectively"/>
<entry key="527" type="xstring" value="variety"/>
<entry key="528" type="xstring" value="culture"/>
<entry key="529" type="xstring" value="values"/>
<entry key="530" type="xstring" value="narrative"/>
<entry key="531" type="xstring" value="innovation"/>
<entry key="532" type="xstring" value="information"/>
<entry key="533" type="xstring" value="draw"/>
<entry key="534" type="xstring" value="teams"/>
<entry key="535" type="xstring" value="panel"/>
<entry key="536" type="xstring" value="disciplines"/>
<entry key="537" type="xstring" value="supporting"/>
<entry key="538" type="xstring" value="communities"/>
<entry key="539" type="xstring" value="interdisciplinary"/>
<entry key="540" type="xstring" value="effects"/>
<entry key="541" type="xstring" value="sexuality"/>
<entry key="542" type="xstring" value="shaped"/>
<entry key="543" type="xstring" value="platforms"/>
<entry key="544" type="xstring" value="images"/>
<entry key="545" type="xstring" value="web"/>
<entry key="546" type="xstring" value="standard"/>
<entry key="547" type="xstring" value="software"/>
<entry key="548" type="xstring" value="traditional"/>
<entry key="549" type="xstring" value="notions"/>
<entry key="550" type="xstring" value="ethics"/>
<entry key="551" type="xstring" value="considers"/>
<entry key="552" type="xstring" value="introductory"/>
<entry key="553" type="xstring" value="recording"/>
<entry key="554" type="xstring" value="lectures"/>
<entry key="555" type="xstring" value="fiction"/>
<entry key="556" type="xstring" value="specialist"/>
<entry key="557" type="xstring" value="careers"/>
<entry key="558" type="xstring" value="identities"/>
<entry key="559" type="xstring" value="beliefs"/>
<entry key="560" type="xstring" value="look"/>
<entry key="561" type="xstring" value="texts"/>
<entry key="562" type="xstring" value="offenders"/>
<entry key="563" type="xstring" value="assess"/>
<entry key="564" type="xstring" value="aid"/>
<entry key="565" type="xstring" value="main"/>
<entry key="566" type="xstring" value="fundamentals"/>
<entry key="567" type="xstring" value="require"/>
<entry key="568" type="xstring" value="elements"/>
<entry key="569" type="xstring" value="environments"/>
<entry key="570" type="xstring" value="terms"/>
<entry key="571" type="xstring" value="significant"/>
<entry key="572" type="xstring" value="psychological"/>
<entry key="573" type="xstring" value="school"/>
<entry key="574" type="xstring" value="photography"/>
<entry key="575" type="xstring" value="audience"/>
<entry key="576" type="xstring" value="surrounding"/>
<entry key="577" type="xstring" value="methodological"/>
<entry key="578" type="xstring" value="experiential"/>
<entry key="579" type="xstring" value="value"/>
<entry key="580" type="xstring" value="purpose"/>
<entry key="581" type="xstring" value="links"/>
<entry key="582" type="xstring" value="active"/>
<entry key="583" type="xstring" value="assessed"/>
<entry key="584" type="xstring" value="educational"/>
<entry key="585" type="xstring" value="affords"/>
<entry key="586" type="xstring" value="programming"/>
<entry key="587" type="xstring" value="action"/>
<entry key="588" type="xstring" value="humanities"/>
<entry key="589" type="xstring" value="subjects"/>
<entry key="590" type="xstring" value="identified"/>
<entry key="591" type="xstring" value="examined"/>
<entry key="592" type="xstring" value="primary"/>
<entry key="593" type="xstring" value="employability"/>
<entry key="594" type="xstring" value="addition"/>
<entry key="595" type="xstring" value="practitioner"/>
<entry key="596" type="xstring" value="underpin"/>
<entry key="597" type="xstring" value="arts"/>
<entry key="598" type="xstring" value="teach"/>
<entry key="599" type="xstring" value="ict"/>
<entry key="600" type="xstring" value="pedagogical"/>
<entry key="601" type="xstring" value="philosophy"/>
<entry key="602" type="xstring" value="religion"/>
<entry key="603" type="xstring" value="example"/>
<entry key="604" type="xstring" value="suitable"/>
<entry key="605" type="xstring" value="structures"/>
<entry key="606" type="xstring" value="conducting"/>
<entry key="607" type="xstring" value="objectives"/>
<entry key="608" type="xstring" value="frameworks"/>
<entry key="609" type="xstring" value="religious"/>
<entry key="610" type="xstring" value="student’s"/>
<entry key="611" type="xstring" value="poetry"/>
<entry key="612" type="xstring" value="fieldwork"/>
<entry key="613" type="xstring" value="globalisation"/>
<entry key="614" type="xstring" value="discussed"/>
<entry key="615" type="xstring" value="transferable"/>
<entry key="616" type="xstring" value="profession"/>
<entry key="617" type="xstring" value="involve"/>
<entry key="618" type="xstring" value="recent"/>
<entry key="619" type="xstring" value="developments"/>
<entry key="620" type="xstring" value="learners"/>
<entry key="621" type="xstring" value="influences"/>
<entry key="622" type="xstring" value="guide"/>
<entry key="623" type="xstring" value="sessions"/>
<entry key="624" type="xstring" value="additional"/>
<entry key="625" type="xstring" value="university"/>
<entry key="626" type="xstring" value="wide"/>
<entry key="627" type="xstring" value="analytical"/>
<entry key="628" type="xstring" value="war"/>
<entry key="629" type="xstring" value="crimes"/>
<entry key="630" type="xstring" value="legislation"/>
<entry key="631" type="xstring" value="link"/>
<entry key="632" type="xstring" value="stories"/>
<entry key="633" type="xstring" value="secondary"/>
<entry key="634" type="xstring" value="prose"/>
<entry key="635" type="xstring" value="conflict"/>
<entry key="636" type="xstring" value="significance"/>
<entry key="637" type="xstring" value="insights"/>
<entry key="638" type="xstring" value="progress"/>
<entry key="639" type="xstring" value="period"/>
<entry key="640" type="xstring" value="decision-making"/>
<entry key="641" type="xstring" value="criminology"/>
<entry key="642" type="xstring" value="genres"/>
<entry key="643" type="xstring" value="culminating"/>
<entry key="644" type="xstring" value="recognise"/>
<entry key="645" type="xstring" value="experienced"/>
<entry key="646" type="xstring" value="achievement"/>
<entry key="647" type="xstring" value="organisms"/>
<entry key="648" type="xstring" value="investigates"/>
<entry key="649" type="xstring" value="teacher"/>
<entry key="650" type="xstring" value="europe"/>
<entry key="651" type="xstring" value="fields"/>
<entry key="652" type="xstring" value="attributes"/>
<entry key="653" type="xstring" value="rewarding"/>
<entry key="654" type="xstring" value="null"/>
</config>
</config>
</config>
