<?xml version="1.0" encoding="UTF-8"?>
<config xmlns="http://www.knime.org/2008/09/XMLConfig" xmlns:xsi="http://www.w3.org/2001/XMLSchema-instance" xsi:schemaLocation="http://www.knime.org/2008/09/XMLConfig http://www.knime.org/XMLConfig_2008_09.xsd" key="model.xml">
<entry key="version" type="xint" value="1"/>
<entry key="class_name" type="xstring" value="org.knime.ext.textprocessing.data.DocumentVectorPortObjectSpec"/>
<config key="model">
<entry key="ignoreTags" type="xboolean" value="true"/>
<entry key="bitVector" type="xboolean" value="true"/>
<entry key="vectorValue" type="xstring" value="Chi value"/>
<entry key="asCollectionCell" type="xboolean" value="false"/>
<config key="featureSpaceColumns">
<entry key="array-size" type="xint" value="5"/>
<entry key="0" type="xstring" value="stupid"/>
<entry key="1" type="xstring" value="half"/>
<entry key="2" type="xstring" value="cool"/>
<entry key="3" type="xstring" value="view"/>
<entry key="4" type="xstring" value="billion"/>
</config>
</config>
</config>
