<?xml version="1.0" encoding="UTF-8"?>
<config xmlns="http://www.knime.org/2008/09/XMLConfig" xmlns:xsi="http://www.w3.org/2001/XMLSchema-instance" xsi:schemaLocation="http://www.knime.org/2008/09/XMLConfig http://www.knime.org/XMLConfig_2008_09.xsd" key="MiningSchema">
<config key="learning">
<entry key="array-size" type="xint" value="123"/>
<entry key="0" type="xstring" value="dont"/>
<entry key="1" type="xstring" value="watch"/>
<entry key="2" type="xstring" value="check"/>
<entry key="3" type="xstring" value="billion"/>
<entry key="4" type="xstring" value="song"/>
<entry key="5" type="xstring" value="view"/>
<entry key="6" type="xstring" value="awesom"/>
<entry key="7" type="xstring" value="get"/>
<entry key="8" type="xstring" value="gift"/>
<entry key="9" type="xstring" value="card"/>
<entry key="10" type="xstring" value="hate"/>
<entry key="11" type="xstring" value="try"/>
<entry key="12" type="xstring" value="earn"/>
<entry key="13" type="xstring" value="monei"/>
<entry key="14" type="xstring" value="amp"/>
<entry key="15" type="xstring" value="app"/>
<entry key="16" type="xstring" value="friend"/>
<entry key="17" type="xstring" value="free"/>
<entry key="18" type="xstring" value="pleas"/>
<entry key="19" type="xstring" value="subscrib"/>
<entry key="20" type="xstring" value="thank"/>
<entry key="21" type="xstring" value="video"/>
<entry key="22" type="xstring" value="sub"/>
<entry key="23" type="xstring" value="channel"/>
<entry key="24" type="xstring" value="gui"/>
<entry key="25" type="xstring" value="funni"/>
<entry key="26" type="xstring" value="million"/>
<entry key="27" type="xstring" value="like"/>
<entry key="28" type="xstring" value="xd%%65279"/>
<entry key="29" type="xstring" value="comment"/>
<entry key="30" type="xstring" value="tell"/>
<entry key="31" type="xstring" value="love"/>
<entry key="32" type="xstring" value="plz"/>
<entry key="33" type="xstring" value="http"/>
<entry key="34" type="xstring" value="wwwgofundm"/>
<entry key="35" type="xstring" value="follow"/>
<entry key="36" type="xstring" value="chanc"/>
<entry key="37" type="xstring" value="nice"/>
<entry key="38" type="xstring" value="reach"/>
<entry key="39" type="xstring" value="shit"/>
<entry key="40" type="xstring" value="fuck"/>
<entry key="41" type="xstring" value="youtub"/>
<entry key="42" type="xstring" value="name"/>
<entry key="43" type="xstring" value="danc"/>
<entry key="44" type="xstring" value="wow"/>
<entry key="45" type="xstring" value="peopl"/>
<entry key="46" type="xstring" value="world"/>
<entry key="47" type="xstring" value="lol"/>
<entry key="48" type="xstring" value="pl"/>
<entry key="49" type="xstring" value="hei"/>
<entry key="50" type="xstring" value="post"/>
<entry key="51" type="xstring" value="music"/>
<entry key="52" type="xstring" value="enjoi"/>
<entry key="53" type="xstring" value="cover"/>
<entry key="54" type="xstring" value="soon"/>
<entry key="55" type="xstring" value="miss"/>
<entry key="56" type="xstring" value="help"/>
<entry key="57" type="xstring" value="lot"/>
<entry key="58" type="xstring" value="take"/>
<entry key="59" type="xstring" value="click"/>
<entry key="60" type="xstring" value="epic"/>
<entry key="61" type="xstring" value="game"/>
<entry key="62" type="xstring" value="mean"/>
<entry key="63" type="xstring" value="deserv"/>
<entry key="64" type="xstring" value="dai"/>
<entry key="65" type="xstring" value="popular"/>
<entry key="66" type="xstring" value="start"/>
<entry key="67" type="xstring" value="read"/>
<entry key="68" type="xstring" value="remix"/>
<entry key="69" type="xstring" value="earth"/>
<entry key="70" type="xstring" value="lol%%65279"/>
<entry key="71" type="xstring" value="sad"/>
<entry key="72" type="xstring" value="littl"/>
<entry key="73" type="xstring" value="tumor"/>
<entry key="74" type="xstring" value="month"/>
<entry key="75" type="xstring" value="prai"/>
<entry key="76" type="xstring" value="share"/>
<entry key="77" type="xstring" value="psy"/>
<entry key="78" type="xstring" value="gangnam"/>
<entry key="79" type="xstring" value="style"/>
<entry key="80" type="xstring" value="강남스타일"/>
<entry key="81" type="xstring" value="omg"/>
<entry key="82" type="xstring" value="look"/>
<entry key="83" type="xstring" value="understand"/>
<entry key="84" type="xstring" value="sai"/>
<entry key="85" type="xstring" value="suck"/>
<entry key="86" type="xstring" value="dick"/>
<entry key="87" type="xstring" value="googl"/>
<entry key="88" type="xstring" value="plai"/>
<entry key="89" type="xstring" value="site"/>
<entry key="90" type="xstring" value="beauti"/>
<entry key="91" type="xstring" value="wwwfacebook"/>
<entry key="92" type="xstring" value="babi"/>
<entry key="93" type="xstring" value="korean"/>
<entry key="94" type="xstring" value="girl"/>
<entry key="95" type="xstring" value="www"/>
<entry key="96" type="xstring" value="ago"/>
<entry key="97" type="xstring" value="twitter"/>
<entry key="98" type="xstring" value="hit"/>
<entry key="99" type="xstring" value="sexi"/>
<entry key="100" type="xstring" value="visit"/>
<entry key="101" type="xstring" value="viewer"/>
<entry key="102" type="xstring" value="suscrib"/>
<entry key="103" type="xstring" value="vid"/>
<entry key="104" type="xstring" value="minecraft"/>
<entry key="105" type="xstring" value="bui"/>
<entry key="106" type="xstring" value="stupid"/>
<entry key="107" type="xstring" value="top"/>
<entry key="108" type="xstring" value="appreci"/>
<entry key="109" type="xstring" value="compani"/>
<entry key="110" type="xstring" value="time"/>
<entry key="111" type="xstring" value="oppa"/>
<entry key="112" type="xstring" value="joke"/>
<entry key="113" type="xstring" value="come"/>
<entry key="114" type="xstring" value="justin"/>
<entry key="115" type="xstring" value="hackfbaccountl"/>
<entry key="116" type="xstring" value="com"/>
<entry key="117" type="xstring" value="youtube9bzkp7q19f0%%65279"/>
<entry key="118" type="xstring" value="real"/>
<entry key="119" type="xstring" value="hello"/>
<entry key="120" type="xstring" value="dislik"/>
<entry key="121" type="xstring" value="ill"/>
<entry key="122" type="xstring" value="half"/>
</config>
<config key="target">
<entry key="array-size" type="xint" value="1"/>
<entry key="0" type="xstring" value="Document class"/>
</config>
</config>
