<?xml version="1.0" encoding="UTF-8"?>
<config xmlns="http://www.knime.org/2008/09/XMLConfig" xmlns:xsi="http://www.w3.org/2001/XMLSchema-instance" xsi:schemaLocation="http://www.knime.org/2008/09/XMLConfig http://www.knime.org/XMLConfig_2008_09.xsd" key="model.xml">
<entry key="version" type="xint" value="1"/>
<entry key="class_name" type="xstring" value="org.knime.ext.textprocessing.data.DocumentVectorPortObjectSpec"/>
<config key="model">
<entry key="ignoreTags" type="xboolean" value="true"/>
<entry key="bitVector" type="xboolean" value="true"/>
<entry key="vectorValue" type="xstring" value="TF rel"/>
<entry key="asCollectionCell" type="xboolean" value="false"/>
<config key="featureSpaceColumns">
<entry key="array-size" type="xint" value="562"/>
<entry key="0" type="xstring" value="advanc"/>
<entry key="1" type="xstring" value="practic"/>
<entry key="2" type="xstring" value="research"/>
<entry key="3" type="xstring" value="depth"/>
<entry key="4" type="xstring" value="critic"/>
<entry key="5" type="xstring" value="idea"/>
<entry key="6" type="xstring" value="student"/>
<entry key="7" type="xstring" value="identifi"/>
<entry key="8" type="xstring" value="own"/>
<entry key="9" type="xstring" value="theme"/>
<entry key="10" type="xstring" value="base"/>
<entry key="11" type="xstring" value="project"/>
<entry key="12" type="xstring" value="relat"/>
<entry key="13" type="xstring" value="exist"/>
<entry key="14" type="xstring" value="histor"/>
<entry key="15" type="xstring" value="current"/>
<entry key="16" type="xstring" value="exampl"/>
<entry key="17" type="xstring" value="write"/>
<entry key="18" type="xstring" value="produc"/>
<entry key="19" type="xstring" value="final"/>
<entry key="20" type="xstring" value="extend"/>
<entry key="21" type="xstring" value="includ"/>
<entry key="22" type="xstring" value="alongsid"/>
<entry key="23" type="xstring" value="practition"/>
<entry key="24" type="xstring" value="photograph"/>
<entry key="25" type="xstring" value="relev"/>
<entry key="26" type="xstring" value="person"/>
<entry key="27" type="xstring" value="modul"/>
<entry key="28" type="xstring" value="encourag"/>
<entry key="29" type="xstring" value="compet"/>
<entry key="30" type="xstring" value="intern"/>
<entry key="31" type="xstring" value="brief"/>
<entry key="32" type="xstring" value="cover"/>
<entry key="33" type="xstring" value="broadcast"/>
<entry key="34" type="xstring" value="digit"/>
<entry key="35" type="xstring" value="media"/>
<entry key="36" type="xstring" value="select"/>
<entry key="37" type="xstring" value="recognis"/>
<entry key="38" type="xstring" value="creativ"/>
<entry key="39" type="xstring" value="network"/>
<entry key="40" type="xstring" value="opportun"/>
<entry key="41" type="xstring" value="live"/>
<entry key="42" type="xstring" value="set"/>
<entry key="43" type="xstring" value="visit"/>
<entry key="44" type="xstring" value="industri"/>
<entry key="45" type="xstring" value="profession"/>
<entry key="46" type="xstring" value="studio"/>
<entry key="47" type="xstring" value="aim"/>
<entry key="48" type="xstring" value="introduc"/>
<entry key="49" type="xstring" value="team"/>
<entry key="50" type="xstring" value="client"/>
<entry key="51" type="xstring" value="servic"/>
<entry key="52" type="xstring" value="perspect"/>
<entry key="53" type="xstring" value="form"/>
<entry key="54" type="xstring" value="art"/>
<entry key="55" type="xstring" value="design"/>
<entry key="56" type="xstring" value="account"/>
<entry key="57" type="xstring" value="toward"/>
<entry key="58" type="xstring" value="competit"/>
<entry key="59" type="xstring" value="gener"/>
<entry key="60" type="xstring" value="consum"/>
<entry key="61" type="xstring" value="market"/>
<entry key="62" type="xstring" value="power"/>
<entry key="63" type="xstring" value="influenc"/>
<entry key="64" type="xstring" value="explor"/>
<entry key="65" type="xstring" value="question"/>
<entry key="66" type="xstring" value="consid"/>
<entry key="67" type="xstring" value="commun"/>
<entry key="68" type="xstring" value="tool"/>
<entry key="69" type="xstring" value="strateg"/>
<entry key="70" type="xstring" value="adopt"/>
<entry key="71" type="xstring" value="throughout"/>
<entry key="72" type="xstring" value="specif"/>
<entry key="73" type="xstring" value="manag"/>
<entry key="74" type="xstring" value="contribut"/>
<entry key="75" type="xstring" value="strategi"/>
<entry key="76" type="xstring" value="appli"/>
<entry key="77" type="xstring" value="theori"/>
<entry key="78" type="xstring" value="creat"/>
<entry key="79" type="xstring" value="real"/>
<entry key="80" type="xstring" value="life"/>
<entry key="81" type="xstring" value="organ"/>
<entry key="82" type="xstring" value="act"/>
<entry key="83" type="xstring" value="help"/>
<entry key="84" type="xstring" value="understand"/>
<entry key="85" type="xstring" value="principl"/>
<entry key="86" type="xstring" value="decis"/>
<entry key="87" type="xstring" value="mean"/>
<entry key="88" type="xstring" value="ensur"/>
<entry key="89" type="xstring" value="abl"/>
<entry key="90" type="xstring" value="affect"/>
<entry key="91" type="xstring" value="health"/>
<entry key="92" type="xstring" value="care"/>
<entry key="93" type="xstring" value="qualiti"/>
<entry key="94" type="xstring" value="receiv"/>
<entry key="95" type="xstring" value="allow"/>
<entry key="96" type="xstring" value="develop"/>
<entry key="97" type="xstring" value="present"/>
<entry key="98" type="xstring" value="skill"/>
<entry key="99" type="xstring" value="level"/>
<entry key="100" type="xstring" value="locat"/>
<entry key="101" type="xstring" value="deliv"/>
<entry key="102" type="xstring" value="report"/>
<entry key="103" type="xstring" value="programm"/>
<entry key="104" type="xstring" value="output"/>
<entry key="105" type="xstring" value="techniqu"/>
<entry key="106" type="xstring" value="underpin"/>
<entry key="107" type="xstring" value="appreci"/>
<entry key="108" type="xstring" value="audienc"/>
<entry key="109" type="xstring" value="product"/>
<entry key="110" type="xstring" value="process"/>
<entry key="111" type="xstring" value="requir"/>
<entry key="112" type="xstring" value="author"/>
<entry key="113" type="xstring" value="build"/>
<entry key="114" type="xstring" value="implement"/>
<entry key="115" type="xstring" value="object"/>
<entry key="116" type="xstring" value="protect"/>
<entry key="117" type="xstring" value="applic"/>
<entry key="118" type="xstring" value="secur"/>
<entry key="119" type="xstring" value="data"/>
<entry key="120" type="xstring" value="framework"/>
<entry key="121" type="xstring" value="respond"/>
<entry key="122" type="xstring" value="evalu"/>
<entry key="123" type="xstring" value="analys"/>
<entry key="124" type="xstring" value="risk"/>
<entry key="125" type="xstring" value="analysi"/>
<entry key="126" type="xstring" value="oper"/>
<entry key="127" type="xstring" value="regul"/>
<entry key="128" type="xstring" value="standard"/>
<entry key="129" type="xstring" value="knowledg"/>
<entry key="130" type="xstring" value="concept"/>
<entry key="131" type="xstring" value="focu"/>
<entry key="132" type="xstring" value="multidisciplinari"/>
<entry key="133" type="xstring" value="factor"/>
<entry key="134" type="xstring" value="impact"/>
<entry key="135" type="xstring" value="activ"/>
<entry key="136" type="xstring" value="enabl"/>
<entry key="137" type="xstring" value="role"/>
<entry key="138" type="xstring" value="relationship"/>
<entry key="139" type="xstring" value="wider"/>
<entry key="140" type="xstring" value="govern"/>
<entry key="141" type="xstring" value="studi"/>
<entry key="142" type="xstring" value="languag"/>
<entry key="143" type="xstring" value="equip"/>
<entry key="144" type="xstring" value="technic"/>
<entry key="145" type="xstring" value="environ"/>
<entry key="146" type="xstring" value="awar"/>
<entry key="147" type="xstring" value="gain"/>
<entry key="148" type="xstring" value="sound"/>
<entry key="149" type="xstring" value="essenti"/>
<entry key="150" type="xstring" value="compon"/>
<entry key="151" type="xstring" value="portfolio"/>
<entry key="152" type="xstring" value="career"/>
<entry key="153" type="xstring" value="result"/>
<entry key="154" type="xstring" value="fundament"/>
<entry key="155" type="xstring" value="music"/>
<entry key="156" type="xstring" value="audio"/>
<entry key="157" type="xstring" value="film"/>
<entry key="158" type="xstring" value="game"/>
<entry key="159" type="xstring" value="continu"/>
<entry key="160" type="xstring" value="offer"/>
<entry key="161" type="xstring" value="rang"/>
<entry key="162" type="xstring" value="commerci"/>
<entry key="163" type="xstring" value="negoti"/>
<entry key="164" type="xstring" value="collabor"/>
<entry key="165" type="xstring" value="format"/>
<entry key="166" type="xstring" value="partnership"/>
<entry key="167" type="xstring" value="sport"/>
<entry key="168" type="xstring" value="plan"/>
<entry key="169" type="xstring" value="comprehens"/>
<entry key="170" type="xstring" value="address"/>
<entry key="171" type="xstring" value="facilit"/>
<entry key="172" type="xstring" value="prepar"/>
<entry key="173" type="xstring" value="meet"/>
<entry key="174" type="xstring" value="physic"/>
<entry key="175" type="xstring" value="exercis"/>
<entry key="176" type="xstring" value="aspect"/>
<entry key="177" type="xstring" value="particular"/>
<entry key="178" type="xstring" value="attent"/>
<entry key="179" type="xstring" value="mental"/>
<entry key="180" type="xstring" value="learn"/>
<entry key="181" type="xstring" value="children"/>
<entry key="182" type="xstring" value="peopl"/>
<entry key="183" type="xstring" value="import"/>
<entry key="184" type="xstring" value="wellb"/>
<entry key="185" type="xstring" value="individu"/>
<entry key="186" type="xstring" value="kei"/>
<entry key="187" type="xstring" value="critiqu"/>
<entry key="188" type="xstring" value="written"/>
<entry key="189" type="xstring" value="journal"/>
<entry key="190" type="xstring" value="contemporari"/>
<entry key="191" type="xstring" value="cultur"/>
<entry key="192" type="xstring" value="engag"/>
<entry key="193" type="xstring" value="style"/>
<entry key="194" type="xstring" value="materi"/>
<entry key="195" type="xstring" value="appropri"/>
<entry key="196" type="xstring" value="intend"/>
<entry key="197" type="xstring" value="condit"/>
<entry key="198" type="xstring" value="subject"/>
<entry key="199" type="xstring" value="assess"/>
<entry key="200" type="xstring" value="formul"/>
<entry key="201" type="xstring" value="treatment"/>
<entry key="202" type="xstring" value="common"/>
<entry key="203" type="xstring" value="improv"/>
<entry key="204" type="xstring" value="function"/>
<entry key="205" type="xstring" value="reflect"/>
<entry key="206" type="xstring" value="strength"/>
<entry key="207" type="xstring" value="employ"/>
<entry key="208" type="xstring" value="provid"/>
<entry key="209" type="xstring" value="increas"/>
<entry key="210" type="xstring" value="stage"/>
<entry key="211" type="xstring" value="graduat"/>
<entry key="212" type="xstring" value="experi"/>
<entry key="213" type="xstring" value="attitud"/>
<entry key="214" type="xstring" value="effect"/>
<entry key="215" type="xstring" value="progress"/>
<entry key="216" type="xstring" value="event"/>
<entry key="217" type="xstring" value="consider"/>
<entry key="218" type="xstring" value="train"/>
<entry key="219" type="xstring" value="staff"/>
<entry key="220" type="xstring" value="support"/>
<entry key="221" type="xstring" value="emphasi"/>
<entry key="222" type="xstring" value="confid"/>
<entry key="223" type="xstring" value="promot"/>
<entry key="224" type="xstring" value="potenti"/>
<entry key="225" type="xstring" value="abil"/>
<entry key="226" type="xstring" value="ethic"/>
<entry key="227" type="xstring" value="issu"/>
<entry key="228" type="xstring" value="examin"/>
<entry key="229" type="xstring" value="emerg"/>
<entry key="230" type="xstring" value="organis"/>
<entry key="231" type="xstring" value="british"/>
<entry key="232" type="xstring" value="histori"/>
<entry key="233" type="xstring" value="particularli"/>
<entry key="234" type="xstring" value="centuri"/>
<entry key="235" type="xstring" value="dai"/>
<entry key="236" type="xstring" value="shape"/>
<entry key="237" type="xstring" value="debat"/>
<entry key="238" type="xstring" value="investig"/>
<entry key="239" type="xstring" value="onlin"/>
<entry key="240" type="xstring" value="special"/>
<entry key="241" type="xstring" value="introduct"/>
<entry key="242" type="xstring" value="structur"/>
<entry key="243" type="xstring" value="provis"/>
<entry key="244" type="xstring" value="context"/>
<entry key="245" type="xstring" value="content"/>
<entry key="246" type="xstring" value="foundat"/>
<entry key="247" type="xstring" value="cours"/>
<entry key="248" type="xstring" value="direct"/>
<entry key="249" type="xstring" value="follow"/>
<entry key="250" type="xstring" value="program"/>
<entry key="251" type="xstring" value="movement"/>
<entry key="252" type="xstring" value="control"/>
<entry key="253" type="xstring" value="topic"/>
<entry key="254" type="xstring" value="busi"/>
<entry key="255" type="xstring" value="scope"/>
<entry key="256" type="xstring" value="demonstr"/>
<entry key="257" type="xstring" value="independ"/>
<entry key="258" type="xstring" value="literatur"/>
<entry key="259" type="xstring" value="avail"/>
<entry key="260" type="xstring" value="advis"/>
<entry key="261" type="xstring" value="via"/>
<entry key="262" type="xstring" value="tutor"/>
<entry key="263" type="xstring" value="anim"/>
<entry key="264" type="xstring" value="biologi"/>
<entry key="265" type="xstring" value="dissert"/>
<entry key="266" type="xstring" value="conduct"/>
<entry key="267" type="xstring" value="origin"/>
<entry key="268" type="xstring" value="biolog"/>
<entry key="269" type="xstring" value="choic"/>
<entry key="270" type="xstring" value="involv"/>
<entry key="271" type="xstring" value="collect"/>
<entry key="272" type="xstring" value="think"/>
<entry key="273" type="xstring" value="initi"/>
<entry key="274" type="xstring" value="solv"/>
<entry key="275" type="xstring" value="time"/>
<entry key="276" type="xstring" value="basi"/>
<entry key="277" type="xstring" value="complement"/>
<entry key="278" type="xstring" value="taught"/>
<entry key="279" type="xstring" value="complet"/>
<entry key="280" type="xstring" value="type"/>
<entry key="281" type="xstring" value="insight"/>
<entry key="282" type="xstring" value="solut"/>
<entry key="283" type="xstring" value="utilis"/>
<entry key="284" type="xstring" value="scientif"/>
<entry key="285" type="xstring" value="world"/>
<entry key="286" type="xstring" value="piec"/>
<entry key="287" type="xstring" value="placement"/>
<entry key="288" type="xstring" value="analyt"/>
<entry key="289" type="xstring" value="success"/>
<entry key="290" type="xstring" value="normal"/>
<entry key="291" type="xstring" value="hour"/>
<entry key="292" type="xstring" value="natur"/>
<entry key="293" type="xstring" value="detail"/>
<entry key="294" type="xstring" value="establish"/>
<entry key="295" type="xstring" value="offic"/>
<entry key="296" type="xstring" value="prior"/>
<entry key="297" type="xstring" value="start"/>
<entry key="298" type="xstring" value="interact"/>
<entry key="299" type="xstring" value="speci"/>
<entry key="300" type="xstring" value="pattern"/>
<entry key="301" type="xstring" value="complex"/>
<entry key="302" type="xstring" value="concern"/>
<entry key="303" type="xstring" value="geographi"/>
<entry key="304" type="xstring" value="seek"/>
<entry key="305" type="xstring" value="explain"/>
<entry key="306" type="xstring" value="evolut"/>
<entry key="307" type="xstring" value="popul"/>
<entry key="308" type="xstring" value="climat"/>
<entry key="309" type="xstring" value="human"/>
<entry key="310" type="xstring" value="us"/>
<entry key="311" type="xstring" value="wish"/>
<entry key="312" type="xstring" value="acquir"/>
<entry key="313" type="xstring" value="leadership"/>
<entry key="314" type="xstring" value="inform"/>
<entry key="315" type="xstring" value="coach"/>
<entry key="316" type="xstring" value="behaviour"/>
<entry key="317" type="xstring" value="deliveri"/>
<entry key="318" type="xstring" value="outcom"/>
<entry key="319" type="xstring" value="perform"/>
<entry key="320" type="xstring" value="document"/>
<entry key="321" type="xstring" value="anatomi"/>
<entry key="322" type="xstring" value="physiologi"/>
<entry key="323" type="xstring" value="major"/>
<entry key="324" type="xstring" value="system"/>
<entry key="325" type="xstring" value="bodi"/>
<entry key="326" type="xstring" value="adapt"/>
<entry key="327" type="xstring" value="respons"/>
<entry key="328" type="xstring" value="seri"/>
<entry key="329" type="xstring" value="laboratori"/>
<entry key="330" type="xstring" value="field"/>
<entry key="331" type="xstring" value="workshop"/>
<entry key="332" type="xstring" value="combin"/>
<entry key="333" type="xstring" value="sector"/>
<entry key="334" type="xstring" value="strong"/>
<entry key="335" type="xstring" value="chang"/>
<entry key="336" type="xstring" value="clinic"/>
<entry key="337" type="xstring" value="seriou"/>
<entry key="338" type="xstring" value="in-depth"/>
<entry key="339" type="xstring" value="plai"/>
<entry key="340" type="xstring" value="english"/>
<entry key="341" type="xstring" value="begin"/>
<entry key="342" type="xstring" value="teach"/>
<entry key="343" type="xstring" value="systemat"/>
<entry key="344" type="xstring" value="public"/>
<entry key="345" type="xstring" value="teacher"/>
<entry key="346" type="xstring" value="tradit"/>
<entry key="347" type="xstring" value="scienc"/>
<entry key="348" type="xstring" value="past"/>
<entry key="349" type="xstring" value="global"/>
<entry key="350" type="xstring" value="legal"/>
<entry key="351" type="xstring" value="educ"/>
<entry key="352" type="xstring" value="law"/>
<entry key="353" type="xstring" value="video"/>
<entry key="354" type="xstring" value="choos"/>
<entry key="355" type="xstring" value="fiction"/>
<entry key="356" type="xstring" value="experiment"/>
<entry key="357" type="xstring" value="expect"/>
<entry key="358" type="xstring" value="comput"/>
<entry key="359" type="xstring" value="characteris"/>
<entry key="360" type="xstring" value="whilst"/>
<entry key="361" type="xstring" value="characterist"/>
<entry key="362" type="xstring" value="undertak"/>
<entry key="363" type="xstring" value="modern"/>
<entry key="364" type="xstring" value="chosen"/>
<entry key="365" type="xstring" value="futur"/>
<entry key="366" type="xstring" value="implic"/>
<entry key="367" type="xstring" value="econom"/>
<entry key="368" type="xstring" value="model"/>
<entry key="369" type="xstring" value="look"/>
<entry key="370" type="xstring" value="polici"/>
<entry key="371" type="xstring" value="corpor"/>
<entry key="372" type="xstring" value="compani"/>
<entry key="373" type="xstring" value="societi"/>
<entry key="374" type="xstring" value="nation"/>
<entry key="375" type="xstring" value="stakehold"/>
<entry key="376" type="xstring" value="variou"/>
<entry key="377" type="xstring" value="approach"/>
<entry key="378" type="xstring" value="creation"/>
<entry key="379" type="xstring" value="theoret"/>
<entry key="380" type="xstring" value="read"/>
<entry key="381" type="xstring" value="landscap"/>
<entry key="382" type="xstring" value="focus"/>
<entry key="383" type="xstring" value="interpret"/>
<entry key="384" type="xstring" value="distinct"/>
<entry key="385" type="xstring" value="block"/>
<entry key="386" type="xstring" value="polic"/>
<entry key="387" type="xstring" value="crime"/>
<entry key="388" type="xstring" value="broad"/>
<entry key="389" type="xstring" value="crimin"/>
<entry key="390" type="xstring" value="justic"/>
<entry key="391" type="xstring" value="place"/>
<entry key="392" type="xstring" value="associ"/>
<entry key="393" type="xstring" value="evid"/>
<entry key="394" type="xstring" value="local"/>
<entry key="395" type="xstring" value="divers"/>
<entry key="396" type="xstring" value="valu"/>
<entry key="397" type="xstring" value="inclus"/>
<entry key="398" type="xstring" value="offend"/>
<entry key="399" type="xstring" value="action"/>
<entry key="400" type="xstring" value="achiev"/>
<entry key="401" type="xstring" value="forens"/>
<entry key="402" type="xstring" value="record"/>
<entry key="403" type="xstring" value="purpos"/>
<entry key="404" type="xstring" value="innov"/>
<entry key="405" type="xstring" value="integr"/>
<entry key="406" type="xstring" value="enhanc"/>
<entry key="407" type="xstring" value="technologi"/>
<entry key="408" type="xstring" value="sustain"/>
<entry key="409" type="xstring" value="ecolog"/>
<entry key="410" type="xstring" value="deeper"/>
<entry key="411" type="xstring" value="disciplin"/>
<entry key="412" type="xstring" value="challeng"/>
<entry key="413" type="xstring" value="particip"/>
<entry key="414" type="xstring" value="extern"/>
<entry key="415" type="xstring" value="overview"/>
<entry key="416" type="xstring" value="environment"/>
<entry key="417" type="xstring" value="ecologi"/>
<entry key="418" type="xstring" value="word"/>
<entry key="419" type="xstring" value="approv"/>
<entry key="420" type="xstring" value="social"/>
<entry key="421" type="xstring" value="philosoph"/>
<entry key="422" type="xstring" value="element"/>
<entry key="423" type="xstring" value="pursu"/>
<entry key="424" type="xstring" value="empir"/>
<entry key="425" type="xstring" value="enquiri"/>
<entry key="426" type="xstring" value="defin"/>
<entry key="427" type="xstring" value="core"/>
<entry key="428" type="xstring" value="central"/>
<entry key="429" type="xstring" value="draw"/>
<entry key="430" type="xstring" value="previou"/>
<entry key="431" type="xstring" value="method"/>
<entry key="432" type="xstring" value="construct"/>
<entry key="433" type="xstring" value="sourc"/>
<entry key="434" type="xstring" value="formal"/>
<entry key="435" type="xstring" value="visual"/>
<entry key="436" type="xstring" value="acquisit"/>
<entry key="437" type="xstring" value="conceptu"/>
<entry key="438" type="xstring" value="enquiry-bas"/>
<entry key="439" type="xstring" value="andor"/>
<entry key="440" type="xstring" value="sociolog"/>
<entry key="441" type="xstring" value="academ"/>
<entry key="442" type="xstring" value="quantit"/>
<entry key="443" type="xstring" value="review"/>
<entry key="444" type="xstring" value="test"/>
<entry key="445" type="xstring" value="methodologi"/>
<entry key="446" type="xstring" value="seminar"/>
<entry key="447" type="xstring" value="link"/>
<entry key="448" type="xstring" value="culmin"/>
<entry key="449" type="xstring" value="basic"/>
<entry key="450" type="xstring" value="propos"/>
<entry key="451" type="xstring" value="extent"/>
<entry key="452" type="xstring" value="caus"/>
<entry key="453" type="xstring" value="resourc"/>
<entry key="454" type="xstring" value="literari"/>
<entry key="455" type="xstring" value="gather"/>
<entry key="456" type="xstring" value="discuss"/>
<entry key="457" type="xstring" value="right"/>
<entry key="458" type="xstring" value="ident"/>
<entry key="459" type="xstring" value="class"/>
<entry key="460" type="xstring" value="imag"/>
<entry key="461" type="xstring" value="sexual"/>
<entry key="462" type="xstring" value="sociologi"/>
<entry key="463" type="xstring" value="gender"/>
<entry key="464" type="xstring" value="short"/>
<entry key="465" type="xstring" value="polit"/>
<entry key="466" type="xstring" value="conserv"/>
<entry key="467" type="xstring" value="domest"/>
<entry key="468" type="xstring" value="ag"/>
<entry key="469" type="xstring" value="psychologi"/>
<entry key="470" type="xstring" value="altern"/>
<entry key="471" type="xstring" value="argument"/>
<entry key="472" type="xstring" value="migrat"/>
<entry key="473" type="xstring" value="take"/>
<entry key="474" type="xstring" value="emploi"/>
<entry key="475" type="xstring" value="globalis"/>
<entry key="476" type="xstring" value="forc"/>
<entry key="477" type="xstring" value="pathwai"/>
<entry key="478" type="xstring" value="differ"/>
<entry key="479" type="xstring" value="situat"/>
<entry key="480" type="xstring" value="lectur"/>
<entry key="481" type="xstring" value="curriculum"/>
<entry key="482" type="xstring" value="varieti"/>
<entry key="483" type="xstring" value="narr"/>
<entry key="484" type="xstring" value="stori"/>
<entry key="485" type="xstring" value="script"/>
<entry key="486" type="xstring" value="tutori"/>
<entry key="487" type="xstring" value="aid"/>
<entry key="488" type="xstring" value="panel"/>
<entry key="489" type="xstring" value="interdisciplinari"/>
<entry key="490" type="xstring" value="platform"/>
<entry key="491" type="xstring" value="web"/>
<entry key="492" type="xstring" value="softwar"/>
<entry key="493" type="xstring" value="notion"/>
<entry key="494" type="xstring" value="profess"/>
<entry key="495" type="xstring" value="documentari"/>
<entry key="496" type="xstring" value="introductori"/>
<entry key="497" type="xstring" value="sequenc"/>
<entry key="498" type="xstring" value="specialist"/>
<entry key="499" type="xstring" value="light"/>
<entry key="500" type="xstring" value="belief"/>
<entry key="501" type="xstring" value="citi"/>
<entry key="502" type="xstring" value="text"/>
<entry key="503" type="xstring" value="period"/>
<entry key="504" type="xstring" value="main"/>
<entry key="505" type="xstring" value="term"/>
<entry key="506" type="xstring" value="signific"/>
<entry key="507" type="xstring" value="psycholog"/>
<entry key="508" type="xstring" value="wide"/>
<entry key="509" type="xstring" value="school"/>
<entry key="510" type="xstring" value="surround"/>
<entry key="511" type="xstring" value="photographi"/>
<entry key="512" type="xstring" value="methodolog"/>
<entry key="513" type="xstring" value="deal"/>
<entry key="514" type="xstring" value="experienti"/>
<entry key="515" type="xstring" value="recommend"/>
<entry key="516" type="xstring" value="afford"/>
<entry key="517" type="xstring" value="face"/>
<entry key="518" type="xstring" value="philosophi"/>
<entry key="519" type="xstring" value="religion"/>
<entry key="520" type="xstring" value="addit"/>
<entry key="521" type="xstring" value="primari"/>
<entry key="522" type="xstring" value="ict"/>
<entry key="523" type="xstring" value="pedagog"/>
<entry key="524" type="xstring" value="supervis"/>
<entry key="525" type="xstring" value="suitabl"/>
<entry key="526" type="xstring" value="goal"/>
<entry key="527" type="xstring" value="religi"/>
<entry key="528" type="xstring" value="student’"/>
<entry key="529" type="xstring" value="poetri"/>
<entry key="530" type="xstring" value="familiaris"/>
<entry key="531" type="xstring" value="fieldwork"/>
<entry key="532" type="xstring" value="transfer"/>
<entry key="533" type="xstring" value="monitor"/>
<entry key="534" type="xstring" value="recent"/>
<entry key="535" type="xstring" value="learner"/>
<entry key="536" type="xstring" value="lead"/>
<entry key="537" type="xstring" value="guid"/>
<entry key="538" type="xstring" value="session"/>
<entry key="539" type="xstring" value="intervent"/>
<entry key="540" type="xstring" value="univers"/>
<entry key="541" type="xstring" value="war"/>
<entry key="542" type="xstring" value="legisl"/>
<entry key="543" type="xstring" value="access"/>
<entry key="544" type="xstring" value="observ"/>
<entry key="545" type="xstring" value="secondari"/>
<entry key="546" type="xstring" value="prose"/>
<entry key="547" type="xstring" value="consequ"/>
<entry key="548" type="xstring" value="conflict"/>
<entry key="549" type="xstring" value="genr"/>
<entry key="550" type="xstring" value="posit"/>
<entry key="551" type="xstring" value="decision-mak"/>
<entry key="552" type="xstring" value="criminologi"/>
<entry key="553" type="xstring" value="agre"/>
<entry key="554" type="xstring" value="experienc"/>
<entry key="555" type="xstring" value="journalist"/>
<entry key="556" type="xstring" value="europ"/>
<entry key="557" type="xstring" value="novel"/>
<entry key="558" type="xstring" value="coher"/>
<entry key="559" type="xstring" value="attribut"/>
<entry key="560" type="xstring" value="reward"/>
<entry key="561" type="xstring" value="null"/>
</config>
</config>
</config>
